0.1,6.27081939854774e-06,-104.05351413708,86.4047262200894
0.101626508939299,6.37240395950004e-06,-103.913934023956,86.3464059027433
0.103279473191895,6.47562051046258e-06,-103.774372200971,86.2871447669681
0.104959323055823,6.58049459664645e-06,-103.634829262913,86.2269278932745
0.106666495827954,6.68705212979388e-06,-103.495305823744,86.1657401383194
0.108401435917833,6.79531939176089e-06,-103.355802517204,86.103566132183
0.110164594963366,6.90532303804442e-06,-103.216319997439,86.0403902756452
0.111956431948388,7.01709010124749e-06,-103.076858939644,85.9761967374649
0.113777413322149,7.13064799447617e-06,-102.937420040724,85.910969451663
0.115628013120738,7.24602451466105e-06,-102.798004019985,85.8446921148121
0.117508713090481,7.36324784579632e-06,-102.658611619829,85.7773481833356
0.119420002813353,7.48234656208856e-06,-102.519243606485,85.7089208708186
0.121362379834424,7.60334963100728e-06,-102.379900770757,85.6393931453327
0.123336349791378,7.7262864162287e-06,-102.240583928789,85.5687477267792
0.12534242654614,7.85118668046397e-06,-102.10129392286,85.4969670842527
0.127381132318648,7.97808058816227e-06,-101.9620316222,85.4240334334282
0.129452997822792,8.10699870807919e-06,-101.822797923826,85.3499287339764
0.13155856240457,8.23797201569992e-06,-101.683593753413,85.2746346870097
0.133698374182495,8.37103189550641e-06,-101.544420066176,85.1981327325633
0.135872990190271,8.5062101430773e-06,-101.40527784779,85.1204040471158
0.138082976521809,8.64353896700847e-06,-101.266168115332,85.0414295411526
0.140328908478587,8.78305099064194e-06,-101.127091918246,84.9611898567781
0.142611370719413,8.92477925358985e-06,-100.988050339348,84.8796653653802
0.144930957412622,9.06875721303997e-06,-100.849044495843,84.7968361653528
0.14728827239075,9.21501874482831e-06,-100.710075540385,84.7126820798814
0.149683929307726,9.36359814426373e-06,-100.57114466216,84.6271826547977
0.15211855179861,9.51453012668911e-06,-100.432253088001,84.5403171565083
0.154592773641948,9.66784982776235e-06,-100.293402083535,84.4520645700045
0.157107238924745,9.8235928034402e-06,-100.15459295436,84.3624035969591
0.159662602210143,9.98179502964708e-06,-100.015827047256,84.2713126539172
0.162259528707809,1.01424929016099e-05,-99.877105751433,84.1787698705881
0.164898694447106,1.03057232328396e-05,-99.7384304998015,84.0847530882453
0.167580786453077,1.0471523253739e-05,-99.5998027702912,83.989239858243
0.170306502925284,1.06399306098154e-05,-99.4612240871964,83.8922074406572
0.173076553419573,1.08109833594764e-05,-99.3226960225603,83.7936328030594
0.175891659032773,1.09847199713852e-05,-99.1842201975955,83.6934926194321
0.178752552590423,1.11611793213515e-05,-99.0457982841416,83.5917632692359
0.181659978837533,1.1340400688734e-05,-98.9074320061606,83.4884208366371
0.184614694632455,1.15224237523261e-05,-98.7691231412718,83.3834411099066
0.187617469143912,1.17072885857014e-05,-98.6308735223245,83.2767995810009
0.190669084051225,1.18950356519866e-05,-98.4926850390112,83.168471445335
0.193770333747799,1.20857057980369e-05,-98.354559639521,83.0584316017612
0.196922025547917,1.227934024798e-05,-98.216499332234,82.9466546527632
0.200124979896904,1.24759805961003e-05,-98.0785061874565,82.8331149048799
0.203380030584698,1.26756687990282e-05,-97.9405823391986,82.7177863693712
0.206688024962908,1.28784471672035e-05,-97.8027299869941,82.6006427631397
0.210049824165392,1.30843583555748e-05,-97.6649513977625,82.4816575099227
0.213466303332424,1.32934453535025e-05,-97.5272489077147,82.3608037417685
0.216938351838518,1.35057514738247e-05,-97.3896249243019,82.2380543008134
0.220466873523941,1.37213203410505e-05,-97.2520819282079,82.1133817413739
0.224052786930002,1.39401958786384e-05,-97.1146224753856,81.9867583323725
0.227697025538168,1.4162422295321e-05,-96.977249199137,81.8581560601123
0.231400538013065,1.43880440704325e-05,-96.8399648122382,81.7275466314197
0.235164288449435,1.46171059381961e-05,-96.7027721091073,81.5949014771721
0.238989256623105,1.48496528709268e-05,-96.5656739680169,81.4601917562313
0.242876438246045,1.50857300611034e-05,-96.4286733533508,81.3233883598012
0.246826845225569,1.53253829022636e-05,-96.2917733179035,81.1844619162302
0.250841505927754,1.55686569686725e-05,-96.1549770052231,81.0433827962791
0.254921465445142,1.58155979937172e-05,-96.0182876519974,80.9001211188778
0.259067785868801,1.60662518469753e-05,-95.8817085904818,80.7546467573908
0.263281546564802,1.63206645099072e-05,-95.7452432509683,80.6069293464158
0.267563844455205,1.65788820501193e-05,-95.6088951642959,80.4569382891393
0.271915794303602,1.68409505941445e-05,-95.4726679643997,80.3046427652728
0.276338529005317,1.71069162986866e-05,-95.3365653908993,80.1500117395951
0.280833199882317,1.73768253202728e-05,-95.2005912917234,79.993013971126
0.285400976982924,1.76507237832598e-05,-95.0647496257714,79.8336180229581
0.290043049386399,1.79286577461357e-05,-94.9290444656075,79.6717922727729
0.294760625512486,1.82106731660632e-05,-94.7934800001883,79.5075049240694
0.299554933435981,1.84968158616051e-05,-94.6580605376192,79.3407240181331
0.30442722120643,1.87871314735767e-05,-94.5227905079403,79.1714174467731
0.309378757173014,1.9081665423967e-05,-94.3876744659358,78.999552965858
0.314410830314726,1.93804628728725e-05,-94.2527170939674,78.8250982096783
0.319524750575921,1.96835686733862e-05,-94.1179232048265,78.6480207061669
0.324721849207313,1.99910273243874e-05,-93.9832977446027,78.468287893007
0.330003479112528,2.03028829211759e-05,-93.8488457955659,78.2858671346581
0.335371015200293,2.06191791038976e-05,-93.714572579056,78.1007257403319
0.340825854742345,2.09399590037081e-05,-93.5804834583783,77.9128309829475
0.346369417737173,2.12652651866246e-05,-93.4465839416988,77.7221501190993
0.352003147279668,2.15951395950162e-05,-93.3128796849351,77.528650410066
0.357728509936787,2.19296234866868e-05,-93.1793764946374,77.3322991438948
0.363546996129332,2.22687573715069e-05,-93.0460803308544,77.1330636585889
0.36946012051993,2.26125809455528e-05,-92.9129973099779,76.9309113664309
0.375469422407334,2.29611330227178e-05,-92.7801337075602,76.7258097794713
0.381576466127125,2.33144514637606e-05,-92.6474959610968,76.517726536212
0.387782841458946,2.36725731027639e-05,-92.5150906727688,76.3066294295134
0.394090164040345,2.40355336709787e-05,-92.3829246121353,76.0924864357536
0.400500075787361,2.44033677180365e-05,-92.2510047187701,75.8752657452664
0.407014245321944,2.47761085305185e-05,-92.1193381048319,75.6549357940842
0.413634368406328,2.51537880478749e-05,-91.9879320575618,75.4314652970095
0.420362168384471,2.55364367756977e-05,-91.8567940416961,75.2048232820393
0.427199396630678,2.59240836963574e-05,-91.7259317017859,74.9749791261618
0.434147833005509,2.63167561770206e-05,-91.5953528644139,74.7419025925452
0.441209286319119,2.67144798750783e-05,-91.4650655402952,74.5055638691359
0.448385594802119,2.71172786410221e-05,-91.3350779262535,74.2659336086792
0.455678626584106,2.75251744188173e-05,-91.2053984070589,74.0229829701747
0.463090280179974,2.79381871438328e-05,-91.076035557116,73.7766836617744
0.470622484984128,2.8356334638401e-05,-90.9469981419895,73.5270079851289
0.478277201772748,2.87796325050931e-05,-90.8182951197528,73.2739288811829
0.486056423214214,2.92080940178085e-05,-90.6899356421487,73.0174199774175
0.493962174387832,2.96417300107944e-05,-90.561929055544,72.7574556365325
0.501996513311008,3.00805487657216e-05,-90.4342849016672,72.4940110065568
0.510161531474983,3.05245558969661e-05,-90.3070129181121,72.2270620723718
0.518459354389291,3.09737542352556e-05,-90.1801230385919,71.956585708625
0.526892142135068,3.14281437098632e-05,-90.0536253929293,71.6825597340067
0.535462089927361,3.18877212295456e-05,-89.9275303067649,71.4049629668572
0.544171428686589,3.23524805624446e-05,-89.8018483009684,71.1237752820648
0.55302242561929,3.28224122151869e-05,-89.676590090736,70.8389776692075
0.562017384808319,3.32975033114429e-05,-89.5517665843561,70.5505522918867
0.571158647812643,3.37777374702185e-05,-89.4273888816278,70.2584825481908
0.580448594276898,3.42630946841836e-05,-89.3034682719132,69.9627531322213
0.58988964255085,3.47535511983543e-05,-89.1800162318079,69.6633500966049
0.599484250318941,3.52490793894732e-05,-89.0570444224121,69.360260915907
0.609234915240071,3.57496476464522e-05,-88.9345646861842,69.0534745508525
0.619144175597784,3.6255220252263e-05,-88.8125890433623,68.7429815132532
0.629214610961034,3.67657572676842e-05,-88.6911296879345,68.4287739315289
0.639448842855694,3.72812144173335e-05,-88.5701989831442,68.1108456167031
0.649849535446989,3.7801542978436e-05,-88.4498094565126,67.7891921287416
0.66041939623303,3.83266896727996e-05,-88.3299737943655,67.4638108430953
0.671161176749628,3.88565965624869e-05,-88.210704835848,67.1347010172967
0.682077673286569,3.93912009496932e-05,-88.0920155664148,66.8018638574525
0.693171727615541,3.99304352813576e-05,-87.9739191107833,66.4653025844599
0.704446227729904,4.04742270590481e-05,-87.8564287253376,66.1250224997718
0.715904108596489,4.10224987546784e-05,-87.7395577899736,65.7810310505193
0.727548352919623,4.15751677326251e-05,-87.6233197993756,65.4333378937946
0.739381991917587,4.21321461788247e-05,-87.5077283537171,65.0819549598891
0.751408106111697,4.26933410374374e-05,-87.392797148781,64.7268965142685
0.763629826128224,4.32586539556703e-05,-87.2785399654927,64.3681792180625
0.776050333513357,4.38279812373552e-05,-87.1649706588662,64.0058221868379
0.788672861561415,4.44012138058738e-05,-87.0521031463618,63.6398470474153
0.801500696156541,4.49782371770223e-05,-86.9399513956575,63.2702779924842
0.814537176628074,4.55589314423954e-05,-86.8285294118383,62.897141832767
0.827785696619847,4.6143171263862e-05,-86.7178512240109,62.520468046474
0.841249704973612,4.67308258796865e-05,-86.6079308713515,62.1402888257928
0.854932706626838,4.73217591228326e-05,-86.4987823886002,61.7566391201475
0.868838263525119,4.79158294519583e-05,-86.3904197910157,61.369556675966
0.882969995549409,4.85128899955869e-05,-86.282857058808,60.9790820726902
0.897331581458352,4.91127886099021e-05,-86.1761081210699,60.5852587547681
0.91192675984593,4.97153679505782e-05,-86.0701868392306,60.1881330593657
0.926759330114688,5.03204655590146e-05,-85.9651069900571,59.7877542395453
0.941833153464795,5.09279139632957e-05,-85.8608822482352,59.3841744826566
0.957152153899186,5.15375407941447e-05,-85.7575261685597,58.9774489237013
0.972720319245054,5.21491689160857e-05,-85.6550521677726,58.567635653434
0.988541702191957,5.27626165739634e-05,-85.5534735060857,58.1547957209784
1.00462042134681,5.33776975549099e-05,-85.4528032684312,57.7389931307462
1.02096066230605,5.39942213657744e-05,-85.3530543454838,57.3202948334647
1.03756667874519,5.46119934259615e-05,-85.2542394145026,56.8987707111294
1.05444279352617,5.52308152755484e-05,-85.1563709200426,56.4744935557229
1.07159339982267,5.5850484798471e-05,-85.0594610545889,56.0475390415527
1.08902296226373,5.64707964604892e-05,-84.9635217391685,55.6179856910904
1.10673601809597,5.70915415615597e-05,-84.8685646039966,55.1859148342091
1.12473717836475,5.77125085021586e-05,-84.7746009692179,54.7514105607477
1.14303112911448,5.83334830630149e-05,-84.6816418258018,54.3145596663505
1.1616226326085,5.89542486976288e-05,-84.5896978166553,53.8754515915608
1.18051652856881,5.95745868368668e-05,-84.4987792180157,53.4341783541747
1.19971773543589,6.01942772048437e-05,-84.4088959211886,52.9908344748899
1.21923125164911,6.08130981452219e-05,-84.3200574146935,52.545516896314
1.23906215694792,6.143082695698e-05,-84.2322727668837,52.0983248954286
1.25921561369415,6.20472402386327e-05,-84.1455506091028,51.6493599896344
1.27969686821594,6.26621142398135e-05,-84.0598991194425,51.1987258365351
1.30051125217341,6.32752252190689e-05,-83.9753260071635,50.7465281276491
1.32166418394661,6.38863498066549e-05,-83.8918384978406,50.2928744762671
1.34316117004602,6.44952653710777e-05,-83.8094433192907,49.8378742997056
1.36500780654601,6.51017503880749e-05,-83.7281466883405,49.3816386962354
1.38720978054162,6.57055848106976e-05,-83.6479542984888,48.9242803169917
1.40977287162897,6.63065504391281e-05,-83.5688713085131,48.4659132332023
1.43270295340983,6.69044312888464e-05,-83.4909023320695,48.0066527990916
1.45600599502065,6.74990139557497e-05,-83.414051428329,47.5466155108486
1.4796880626864,6.80900879768288e-05,-83.3383220936907,47.0859188620627
1.50375532129974,6.86774461850118e-05,-83.2637172546075,46.6246811960564
1.52821403602587,6.92608850568052e-05,-83.1902392615554,46.1630215555586
1.55307057393346,6.98402050513887e-05,-83.1178898841723,45.7010595301802
1.57833140565212,7.04152109398563e-05,-83.0466703075887,45.2389151021635
1.60400310705682,7.09857121233429e-05,-82.9765811299646,44.7767084908894
1.63009236097974,7.15515229388269e-05,-82.9076223612455,44.314559996634
1.65660595894991,7.21124629514659e-05,-82.8397934231418,43.8525898440671
1.6835508029612,7.26683572323877e-05,-82.7730931503314,43.3909180259921
1.71093390726901,7.32190366209407e-05,-82.7075197928816,42.9296641478191
1.73876240021625,7.37643379704866e-05,-82.6430710198782,42.4689472732659
1.76704352608895,7.43041043769131e-05,-82.5797439242465,42.0088857717656
1.7957846470021,7.4838185389132e-05,-82.5175350287428,41.5495971680593
1.82499324481615,7.53664372009338e-05,-82.4564402930906,41.0911979944312
1.8546769230847,7.58887228236642e-05,-82.3964551222307,40.6338036460322
1.8848434090338,7.64049122392981e-05,-82.3375743756484,40.1775282397218
1.91550055557353,7.69148825335866e-05,-82.27979237774,39.7224844768331
1.94665634334226,7.74185180090635e-05,-82.2231029291726,39.2687835102481
1.97831888278416,7.79157102777982e-05,-82.1674993191917,38.8165348161445
2.0104964162605,7.84063583338906e-05,-82.1129743388232,38.3658460707489
2.04319732019527,7.88903686058017e-05,-82.0595202949186,37.9168230324058
2.07643010725577,7.93676549887165e-05,-82.0071290249836,37.4695694292418
2.1102034285686,7.98381388572284e-05,-81.9557919127345,37.0241868526751
2.14452607597167,8.03017490587272e-05,-81.905499904319,36.5807746569914
2.17940698430296,8.07584218879588e-05,-81.8562435251395,36.1394298651742
2.21485523372636,8.12081010433047e-05,-81.8080128972171,35.70024708115
2.25088005209546,8.16507375654055e-05,-81.7607977570303,35.2633184085735
2.2874908173557,8.20862897588204e-05,-81.7145874737649,34.8287333762505
2.32469705998565,8.2514723097475e-05,-81.6693710679103,34.3965788702647
2.36250846547795,8.29360101147082e-05,-81.6251372301382,33.9669390728429
2.40093487686065,8.33501302787717e-05,-81.581874340401,33.5398954079671
2.43998629725955,8.37570698546808e-05,-81.5395704871866,33.1155264937117
2.47967289250216,8.41568217533447e-05,-81.4982134868695,32.6939081012569
2.52000499376409,8.45493853689329e-05,-81.4577909030991,32.2751131205054
2.56099310025846,8.49347664054529e-05,-81.4182900661671,31.8592115322037
2.60264788196901,8.53129766935253e-05,-81.3796980922991,31.4462703864461
2.64498018242772,8.56840339983504e-05,-81.3420019028185,31.0363537874203
2.68800102153761,8.60479618198572e-05,-81.3051882431311,30.6295228842315
2.73172159844138,8.64047891860209e-05,-81.2692437014827,30.2258358676262
2.7761532944368,8.67545504403222e-05,-81.2341547274466,29.8253479724183
2.82130767593947,8.70972850243036e-05,-81.1999076500972,29.4281114854092
2.86719649749377,8.74330372561563e-05,-81.166488695831,29.0341757585769
2.91383170483279,8.77618561062453e-05,-81.1338840058009,28.6435872273024
2.96122543798803,8.80837949704477e-05,-81.1020796529286,28.2563894333895
3.00939003444972,8.83989114421488e-05,-81.0710616584668,27.8726230526278
3.05833803237843,8.87072670836997e-05,-81.0408160080844,27.4923259266442
3.10808217386906,8.90089271981043e-05,-81.0113286674513,27.1155330987818
3.15863540826782,8.930396060166e-05,-80.9825855973012,26.7422768537444
3.21001089554317,8.95924393982342e-05,-80.954572767956,26.3725867607419
3.26222200971167,8.98744387558147e-05,-80.9272761732969,26.0064897198747
3.31528234231943,9.01500366859251e-05,-80.900681844169,25.644010011493
3.36920570598027,9.04193138264551e-05,-80.8747758612114,25.2851693482732
3.42400613797142,9.06823532284042e-05,-80.8495443671058,24.9299869297543
3.47969790388769,9.09392401469966e-05,-80.8249735782384,24.5784794990845
3.53629550135504,9.11900618375775e-05,-80.8010497957742,24.2306614017316
3.59381366380463,9.14349073566589e-05,-80.7777594161428,23.8865446459186
3.65226736430817,9.16738673684371e-05,-80.755088940939,23.546138964553
3.71167181947577,9.19070339570651e-05,-80.733024986241,23.2094518784246
3.772042493417,9.21345004449215e-05,-80.7115542913532,22.8764887604575
3.8333951017666,9.2356361217077e-05,-80.6906637269802,22.5472529008071
3.8957456157755,9.25727115521253e-05,-80.6703403028415,22.2217455726065
3.95911026646846,9.27836474595084e-05,-80.6505711747369,21.899966098171
4.02350554886929,9.29892655234302e-05,-80.6313436510742,21.5819119154838
4.08894822629486,9.31896627534277e-05,-80.6126451988718,21.2675786447919
4.15545533471887,9.33849364416301e-05,-80.5944634492489,20.9569601551529
4.22304418720668,9.35751840267168e-05,-80.5767862024201,20.6500486307832
4.29173237842216,9.37605029645555e-05,-80.5596014322055,20.3468346370672
4.361537789208,9.39409906054785e-05,-80.5428972900759,20.0473071860966
4.4324785912404,9.41167440781335e-05,-80.5266621087471,19.7514538016197
4.50457325175946,9.42878601798289e-05,-80.5108844053395,19.4592605832879
4.57784053837662,9.44544352732695e-05,-80.4955528841216,19.1707122700977
4.65229952396019,9.46165651895688e-05,-80.4806564388526,18.8857923029355
4.72796959160039,9.47743451374069e-05,-80.4661841547424,18.604482886137
4.80487043965513,9.49278696181902e-05,-80.4521253100455,18.3267650479895
4.88302208687788,9.50772323470598e-05,-80.4384693773067,18.0526187001034
4.96244487762892,9.52225261795858e-05,-80.4252060242746,17.7820226955961
5.04315948717136,9.53638430439758e-05,-80.4123251145008,17.5149548860321
5.12518692705333,9.55012738786214e-05,-80.3998167076411,17.2513921770751
5.20854855057766,9.56349085747991e-05,-80.3876710594749,16.9913105828098
5.29326605836056,9.57648359243403e-05,-80.3758786216598,16.7346852787026
5.3793615039807,9.58911435720799e-05,-80.3644300412353,16.4814906531717
5.46685729972018,9.60139179728941e-05,-80.3533161598946,16.2317003577458
5.55577622239888,9.6133244353134e-05,-80.342528013035,15.9852873557954
5.64614141930367,9.62492066762635e-05,-80.3320568286055,15.7422239698232
5.73797641421413,9.63618876125114e-05,-80.3218940257636,15.502481927309
5.83130511352622,9.64713685123464e-05,-80.3120312133553,15.2660324051046
5.92615181247555,9.65777293835889e-05,-80.302460188233,15.0328460723811
6.02254120146193,9.6681048871974e-05,-80.2931729334219,14.8028931321326
6.1204983724767,9.67814042449846e-05,-80.2841616161487,14.5761433612458
6.22004882563471,9.68788713787771e-05,-80.2754185857444,14.3525661491453
6.32121847581245,9.69735247480243e-05,-80.2669363714317,14.1321305350302
6.42403365939419,9.7065437418508e-05,-80.2587076800085,13.9148052437178
6.52852114112785,9.71546810422951e-05,-80.2507253934379,13.7005587201134
6.63470812109235,9.72413258553372e-05,-80.2429825663537,13.489359162328
6.74262224177834,9.73254406773403e-05,-80.2354724234924,13.281174553465
6.85229159528406,9.74070929137524e-05,-80.2281883570587,13.0759726921021
6.96374473062823,9.74863485597268e-05,-80.2211239240345,12.8737212214934
7.07701066118189,9.75632722059215e-05,-80.2142728434384,12.6743876575185
7.19211887222119,9.76379270459996e-05,-80.2076289935444,12.4779394154067
7.30909932860291,9.77103748857045e-05,-80.2011864090651,12.2843438352653
7.42798248256492,9.77806761533867e-05,-80.1949392783082,12.0935682064419
7.54879928165344,9.78488899118635e-05,-80.1888819403111,11.9055797907504
7.6715811767793,9.79150738715013e-05,-80.1830088819604,11.720345844591
7.79636013040524,9.79792844044126e-05,-80.1773147351014,11.537833639996
7.92316862486625,9.80415765596667e-05,-80.1717942736423,11.3580104846317
8.05203967082548,9.81020040794168e-05,-80.1664424106596,11.1808437407875
8.1830068158674,9.81606194158538e-05,-80.1612541955072,11.0063008433849
8.31610415323096,9.82174737488972e-05,-80.1562248109349,10.834349317034
8.45136633068472,9.82726170045435e-05,-80.1513495702185,10.6649567921731
8.58882855954625,9.83260978737943e-05,-80.1466239143076,10.4980910203182
8.72852662384838,9.83779638320899e-05,-80.1420434089915,10.3337198884535
8.87049688965441,9.84282611591805e-05,-80.1376037420884,10.1718114325956
9.01477631452492,9.84770349593711e-05,-80.1333007206593,10.0123338505565
9.16140245713852,9.85243291820781e-05,-80.1291302682502,9.8552555139384
9.31041348706907,9.85701866426419e-05,-80.1250884221637,9.70054497938652
9.461848194722,9.86146490433418e-05,-80.1211713307634,9.54817099912924
9.6157460014321,9.86577569945642e-05,-80.1173752508116,9.39810253083236
9.77214696972572,9.86995500360778e-05,-80.1136965448431,9.25030874679473
9.9310918137498,9.87400666583716e-05,-80.1101316785758,9.10475904251133
10.0926219098705,9.87793443240184e-05,-80.10667721836,8.96142304462973
10.2567793074442,9.88174194890247e-05,-80.1033298286669,8.82027061832461
10.423606739764,9.8854327624133e-05,-80.1000862696181,8.68127187411502
10.5931476351837,9.88901032360462e-05,-80.096943394556,8.54439717414782
10.7654461284232,9.89247798885445e-05,-80.0938981476571,8.40961713797049
10.9405470720574,9.89583902234679e-05,-80.0909475615867,8.27690264781567
11.1184960481927,9.89909659815402e-05,-80.0880887551983,8.14622485341892
11.2993393803322,9.90225380230126e-05,-80.0853189312756,8.01755517639125
11.4831241454351,9.90531363481061e-05,-80.0826353743186,7.89086531416595
11.6698981861715,9.90827901172359e-05,-80.0800354483735,7.76612724354033
11.8597101233767,9.91115276709988e-05,-80.077516594907,7.64331322383079
12.0526093687084,9.91393765499113e-05,-80.0750763307244,7.52239579965985
12.2486461375093,9.91663635138843e-05,-80.0727122459318,7.403347803393
12.4478714618791,9.91925145614219e-05,-80.0704220019422,7.28614235724232
12.650337203959,9.92178549485355e-05,-80.0682033295251,7.17075287505364
12.8560960694329,9.92424092073632e-05,-80.0660540268996,7.05715306379298
13.0652016212472,9.92662011644866e-05,-80.0639719578704,6.94531692474761
13.2777082935543,9.92892539589393e-05,-80.0619550500072,6.83521875445687
13.4936714058831,9.93115900599008e-05,-80.0600012928651,6.72683314538626
13.7131471775395,9.93332312840712e-05,-80.0581087362482,6.62013498635924
13.9361927422414,9.93541988127237e-05,-80.0562754885138,6.51509946275923
14.162866162992,9.93745132084314e-05,-80.0544997149177,6.41170205651475
14.3932264471941,9.93941944314665e-05,-80.0527796359998,6.30991854587975
14.6273335620113,9.94132618558712e-05,-80.0511135260091,6.20972500502064
14.8652484499786,9.94317342851991e-05,-80.0494997113689,6.11109780342105
15.1070330448665,9.94496299679272e-05,-80.0479365691793,6.01401360511544
15.3527502878042,9.94669666125397e-05,-80.0464225257584,5.918449367761
15.6024641436637,9.94837614022834e-05,-80.0449560552206,5.82438234155841
15.8562396177114,9.9500031009598e-05,-80.0435356780915,5.73179006803024
16.1141427725302,9.95157916102223e-05,-80.0421599599588,5.64065037866613
16.3762407452169,9.95310588969785e-05,-80.0408275101585,5.55094139344345
16.642601764859,9.95458480932385e-05,-80.0395369804961,5.46264151923116
16.9132951702965,9.95601739660744e-05,-80.0382870640009,5.37572944808535
17.1883914281715,9.95740508390964e-05,-80.0370764937144,5.29018415544316
17.4679621512725,9.95874926049839e-05,-80.035904041511,5.20598489822268
17.7520801171763,9.960051273771e-05,-80.0347685169507,5.12311121283556
18.0408192871938,9.96131243044676e-05,-80.0336687661627,5.04154291311848
18.3342548256229,9.96253399772985e-05,-80.0326036707597,4.96126008819003
18.6324631193156,9.96371720444315e-05,-80.0315721467828,4.88224310023854
18.9355217975629,9.96486324213331e-05,-80.0305731436741,4.8044725822467
19.2435097523033,9.96597326614769e-05,-80.0296056432794,4.72792943565799
19.5565071586595,9.96704839668351e-05,-80.0286686588776,4.65259482799031
19.8745954958098,9.96808971980979e-05,-80.0277612342379,4.57845019040125
20.1978575681988,9.96909828846261e-05,-80.0268824427038,4.50547721520987
20.5263775270925,9.97007512341407e-05,-80.0260313863019,4.4336578533791
20.860240892485,9.97102121421556e-05,-80.0252071948777,4.36297431196304
21.1995345753607,9.97193752011588e-05,-80.0244090252544,4.29340905152284
21.5443469003188,9.97282497095462e-05,-80.0236360604168,4.22494478351509
21.8947676285662,9.97368446803141e-05,-80.0228875087185,4.15756446765611
22.2508879812837,9.97451688495143e-05,-80.0221626031116,4.09125130926534
22.6128006633728,9.97532306844792e-05,-80.0214606003989,4.02598875659131
22.9805998875885,9.97610383918193e-05,-80.020780780508,3.96176049812267
23.3543813990648,9.97685999252e-05,-80.0201224457862,3.8985504598876
23.7342425002387,9.9775922992902e-05,-80.019484920316,3.83634280274381
24.1202820761801,9.97830150651711e-05,-80.018867549251,3.77512191966196
24.5126006203334,9.9789883381361e-05,-80.0182696981709,3.71487243300457
24.9113002606779,9.97965349568748e-05,-80.0176907524557,3.65557919180301
25.3164847863135,9.98029765899109e-05,-80.0171301166783,3.59722726903422
25.7282596744793,9.98092148680161e-05,-80.0165872140151,3.53980195889955
26.1467321180109,9.98152561744522e-05,-80.0160614856742,3.48328877410725
26.5720110532451,9.98211066943803e-05,-80.01555239034,3.4276734431606
27.0042071883777,9.98267724208676e-05,-80.0150594036354,3.3729419076531
27.4434330322837,9.98322591607199e-05,-80.0145820175992,3.31908031957243
27.8898029238044,9.98375725401466e-05,-80.0141197401793,3.26607503861447
28.3434330615131,9.98427180102605e-05,-80.0136720947413,3.2139126295089
28.804441533963,9.98477008524173e-05,-80.013238619592,3.16257985935735
29.2729483504282,9.98525261833998e-05,-80.0128188675165,3.11206369498567
29.7490754721444,9.98571989604494e-05,-80.0124124053301,3.06235130031095
30.2329468440578,9.98617239861505e-05,-80.0120188134433,3.01343003372467
30.72468842709,9.98661059131707e-05,-80.01163768544,2.96528744549282
31.2244282309286,9.98703492488609e-05,-80.0112686276686,2.91791127517371
31.7322963473498,9.98744583597196e-05,-80.0109112588452,2.87128944905448
32.2484249840844,9.98784374757243e-05,-80.0105652096695,2.82541007760698
32.7729484992338,9.98822906945344e-05,-80.0102301224514,2.78026145296368
33.3060034362459,9.9886021985569e-05,-80.0099056507501,2.73583204641416
33.8477285594598,9.98896351939619e-05,-80.0095914590234,2.69211050592311
34.3982648902292,9.98931340443997e-05,-80.0092872222879,2.64908565366983
34.9577557436327,9.98965221448435e-05,-80.0089926257897,2.6067464836102
35.5263467657814,9.98998029901396e-05,-80.0087073646855,2.56508215906117
36.1041859717334,9.99029799655207e-05,-80.0084311437326,2.52408201030855
36.6914237840249,9.99060563500026e-05,-80.0081636769895,2.48373553223807
37.2882130718283,9.99090353196772e-05,-80.0079046875246,2.44403238199024
37.8947091907467,9.99119199509065e-05,-80.0076539071351,2.40496237663924
38.5110700232557,9.99147132234196e-05,-80.007411076073,2.36651549089614
39.1374560198038,9.99174180233158e-05,-80.0071759427814,2.32868185483641
39.7740302405804,9.99200371459759e-05,-80.0069482636373,2.2914517516523
40.420958397963,9.99225732988858e-05,-80.0067278027033,2.25481561542998
41.0784088996565,9.99250291043729e-05,-80.0065143314864,2.21876402895147
41.7465528925313,9.99274071022602e-05,-80.0063076287051,2.18328772152167
42.4255643071778,9.9929709752438e-05,-80.0061074800625,2.14837756682057
43.1156199031823,9.99319394373578e-05,-80.0059136780278,2.11402458078047
43.8168993151419,9.99340984644495e-05,-80.0057260216231,2.0802199194885
44.5295850994265,9.99361890684643e-05,-80.0055443162183,2.04695487711411
45.2538627817017,9.99382134137455e-05,-80.0053683733314,2.01422088386201
45.9899209052244,9.99401735964305e-05,-80.0051980104349,1.98200950394997
46.7379510799246,9.99420716465834e-05,-80.0050330507694,1.95031243361193
47.498148032285,9.99439095302633e-05,-80.0048733231615,1.91912149912594
48.2707096560318,9.99456891515278e-05,-80.0047186618485,1.88842865486723
49.0558370636505,9.99474123543758e-05,-80.0045689063076,1.85822598138604
49.8537346387389,9.99490809246287e-05,-80.0044239010919,1.82850568351018
50.6646100892127,9.99506965917549e-05,-80.0042834956694,1.7992600884723
51.4886745013749,9.99522610306372e-05,-80.0041475442694,1.77048164406167
52.3261423948666,9.99537758632851e-05,-80.0040159057316,1.74216291680029
53.1772317785097,9.99552426604946e-05,-80.0038884433612,1.71429659014317
54.0421642070591,9.99566629434564e-05,-80.0037650247882,1.68687546270297
54.9211648388779,9.99580381853138e-05,-80.0036455218308,1.6598924464981
55.8144624945496,9.99593698126725e-05,-80.0035298103639,1.63334056522497
56.7222897164454,9.99606592070635e-05,-80.0034177701902,1.6072129525536
57.6448828292588,9.99619077063603e-05,-80.0033092849174,1.58150285044657
58.5824820015253,9.99631166061517e-05,-80.0032042418373,1.55620360750129
59.5353313081437,9.99642871610729e-05,-80.0031025318099,1.53130867731516
60.5036787939122,9.99654205860936e-05,-80.0030040491506,1.50681161687351
61.4877765381002,9.99665180577669e-05,-80.0029086915214,1.48270608496025
62.4878807200689,9.99675807154396e-05,-80.0028163598249,1.45898584059061
63.5042516859596,9.9968609662423e-05,-80.002726958102,1.4356447414664
64.537154016467,9.9969605967129e-05,-80.0026403934331,1.41267674245291
65.5868565957143,9.99705706641699e-05,-80.0025565758415,1.39007589407764
66.6536326812491,9.99715047554234e-05,-80.002475418201,1.36783634105056
67.7377599751775,9.99724092110649e-05,-80.0023968361454,1.34595232080554
68.839520696455,9.99732849705671e-05,-80.0023207479814,1.32441816206296
69.9592016543537,9.99741329436687e-05,-80.0022470746041,1.30322828341298
71.0970943231243,9.99749540113124e-05,-80.0021757394153,1.28237719191947
72.2534949178721,9.99757490265533e-05,-80.0021066682438,1.26185948174438
73.4287044716676,9.99765188154394e-05,-80.0020397892693,1.24166983279196
74.6230289139111,9.99772641778642e-05,-80.0019750329475,1.22180300937328
75.8367791499719,9.99779858883921e-05,-80.0019123319382,1.20225385888993
77.070271142123,9.99786846970587e-05,-80.0018516210358,1.18301731053756
78.3238259917919,9.99793613301454e-05,-80.0017928371016,1.16408837402834
79.5977700231498,9.99800164909298e-05,-80.0017359189982,1.14546213833245
80.8924348680594,9.99806508604124e-05,-80.0016808075266,1.12713377043834
82.2081575524054,9.9981265098021e-05,-80.0016274453646,1.10909851413143
83.5452805838287,9.99818598422918e-05,-80.0015757770072,1.09135168879104
84.9041520408875,9.99824357115305e-05,-80.0015257487095,1.07388868820542
86.2851256636689,9.99829933044516e-05,-80.0014773084307,1.05670497940447
87.6885609458743,9.99835332007977e-05,-80.0014304057799,1.03979610151017
89.114823228402,9.99840559619396e-05,-80.0013849919645,1.02315766460414
90.5642837944529,9.99845621314575e-05,-80.0013410197392,1.00678534861254
92.0373199661822,9.99850522357035e-05,-80.0012984433567,0.990674902207675
93.5343152029238,9.99855267843467e-05,-80.0012572185209,0.974822141726292
95.0556592010119,9.99859862709013e-05,-80.0012173023404,0.959222950104423
96.6017479952264,9.99864311732373e-05,-80.0011786532843,0.943873275828301
98.1729840618884,9.99868619540759e-05,-80.0011412311389,0.928769131901303
99.769776423632,9.99872790614689e-05,-80.0011049969662,0.913906594826732
101.392540755881,9.99876829292631e-05,-80.0010699130632,0.899281803606072
103.041699495059,9.99880739775498e-05,-80.0010359429229,0.884890958752669
104.717681948552,9.99884526131004e-05,-80.0010030511964,0.870730321320443
106.420924406472,9.99888192297882e-05,-80.0009712036563,0.856796211947597
108.151870255229,9.99891742089967e-05,-80.000940367161,0.843085009915006
109.91097009295,9.99895179200153e-05,-80.0009105096203,0.829593152219139
111.698681846782,9.99898507204219e-05,-80.000881599962,0.816317132659146
113.5154708921,9.99901729564546e-05,-80.0008536080999,0.80325350093828
115.361810173648,9.99904849633701e-05,-80.0008265049024,0.79039886177896
117.23818032866,9.9990787065792e-05,-80.0008002621621,0.777749874051675
119.145069811978,9.99910795780476e-05,-80.0007748525666,0.765303249917369
121.082975023204,9.99913628044943e-05,-80.0007502496702,0.753055753983054
123.052400435926,9.9991637039835e-05,-80.0007264278663,0.741004202470592
125.053858729039,9.99919025694246e-05,-80.0007033623608,0.729145462398437
127.087870920206,9.99921596695656e-05,-80.0006810291466,0.717476450775957
129.154966501488,9.99924086077959e-05,-80.0006594049782,0.705994133810433
131.255683577184,9.99926496431656e-05,-80.0006384673477,0.694695526126412
133.390569003906,9.99928830265066e-05,-80.0006181944619,0.68357768999712
135.560178532937,9.99931090006929e-05,-80.0005985652186,0.672637734588025
137.765076954905,9.9993327800893e-05,-80.0005795591858,0.661872815212049
140.00583824681,9.99935396548141e-05,-80.0005611565796,0.651280132596633
142.283045721435,9.99937447829385e-05,-80.0005433382442,0.640856932162028
144.597292179202,9.99939433987529e-05,-80.0005260856317,0.63060050331113
146.949180062482,9.999413570897e-05,-80.0005093807829,0.6205081787302
149.339321612425,9.99943219137434e-05,-80.0004932063083,0.610577333700774
151.768339028341,9.99945022068756e-05,-80.0004775453707,0.600805385422215
154.236864629663,9.99946767760193e-05,-80.0004623816671,0.591189792344981
156.745541020559,9.99948458028723e-05,-80.000447699412,0.58172805351426
159.295021257212,9.99950094633669e-05,-80.000433483321,0.572417707924126
161.88596901782,9.9995167927852e-05,-80.0004197185946,0.563256333881618
164.519058775366,9.99953213612706e-05,-80.0004063909034,0.554241548380976
167.194975973199,9.99954699233314e-05,-80.0003934863726,0.545371006487729
169.914417203463,9.99956137686743e-05,-80.0003809915679,0.536642400732355
172.678090388436,9.99957530470317e-05,-80.0003688934812,0.528053460513661
175.486714964815,9.9995887903384e-05,-80.0003571795177,0.519601951511474
178.341022071001,9.999601847811e-05,-80.0003458374821,0.511285675108606
181.241754737424,9.99961449071335e-05,-80.0003348555664,0.503102467821995
184.189668079971,9.99962673220641e-05,-80.0003242223372,0.495050200742784
187.185529496558,9.99963858503343e-05,-80.0003139267242,0.487126778985223
190.230118866894,9.99965006153319e-05,-80.0003039580086,0.479330141144333
193.324228755504,9.99966117365286e-05,-80.0002943058117,0.471658258762105
196.468664618045,9.99967193296037e-05,-80.0002849600843,0.464109135802227
199.664245010979,9.99968235065651e-05,-80.0002759110963,0.456680808132953
202.911801804668,9.99969243758652e-05,-80.0002671494263,0.449371343018361
206.212180399914,9.99970220425142e-05,-80.0002586659522,0.442178838617435
209.566239948043,9.99971166081888e-05,-80.0002504518413,0.435101423491368
212.974853574552,9.99972081713385e-05,-80.0002424985415,0.428137256118401
216.438908606402,9.99972968272876e-05,-80.000234797772,0.42128452441651
219.959306803007,9.99973826683346e-05,-80.0002273415151,0.414541445273588
223.536964590979,9.99974657838482e-05,-80.0002201220073,0.407906264085134
227.17281330269,9.99975462603601e-05,-80.000213131732,0.401377254299227
230.867799418717,9.99976241816552e-05,-80.0002063634109,0.394952716968755
234.622884814226,9.99976996288587e-05,-80.0001998099968,0.388630980310682
238.439047009372,9.99977726805207e-05,-80.0001934646664,0.382410399272499
242.31727942376,9.99978434126973e-05,-80.0001873208129,0.376289355105251
246.258591635055,9.99979118990307e-05,-80.0001813720393,0.370266254943644
250.264009641792,9.99979782108251e-05,-80.0001756121517,0.364339531392672
254.334576130465,9.9998042417121e-05,-80.0001700351527,0.358507642120813
258.471350746956,9.99981045847673e-05,-80.0001646352356,0.352769069459751
262.675410372384,9.99981647784906e-05,-80.0001594067777,0.347122320010413
266.947849403432,9.99982230609629e-05,-80.000154344335,0.341565924255333
271.289780037247,9.99982794928662e-05,-80.0001494426364,0.336098436177028
275.702332560958,9.99983341329565e-05,-80.0001446965781,0.330718432882697
280.186655645919,9.99983870381241e-05,-80.0001401012183,0.325424514234615
284.743916646725,9.99984382634533e-05,-80.0001356517721,0.320215302486644
289.375301905095,9.99984878622798e-05,-80.0001313436066,0.315089441926345
294.082017058706,9.99985358862458e-05,-80.0001271722358,0.310045598522918
298.865287355038,9.9998582385354e-05,-80.0001231333164,0.305082459580686
303.726357970331,9.99986274080198e-05,-80.0001192226428,0.300198733398113
308.666494333727,9.99986710011213e-05,-80.000115436143,0.295393148932204
313.686982456688,9.99987132100485e-05,-80.0001117698742,0.290664455468356
318.789129267765,9.99987540787501e-05,-80.0001082200189,0.286011422295372
323.974262952819,9.99987936497796e-05,-80.0001047828808,0.281432838385712
329.243733300777,9.99988319643397e-05,-80.0001014548809,0.276927512080774
334.598912054997,9.99988690623246e-05,-80.0000982325538,0.27249427078124
340.041193270371,9.9998904982362e-05,-80.0000951125443,0.268131960642406
345.571993676214,9.99989397618534e-05,-80.0000920916035,0.263839446274223
351.192753045073,9.99989734370127e-05,-80.0000891665858,0.259615610446278
356.904934567523,9.99990060429039e-05,-80.0000863344455,0.255459353797389
362.710025233065,9.9999037613478e-05,-80.0000835922334,0.251369594549817
368.609536217216,9.99990681816078e-05,-80.0000809370943,0.247345268228105
374.605003274899,9.99990977791226e-05,-80.0000783662632,0.243385327382379
380.697987140228,9.9999126436841e-05,-80.0000758770633,0.239488741315997
386.890073932797,9.99991541846031e-05,-80.0000734669026,0.23565449581765
393.182875570577,9.99991810513018e-05,-80.0000711332714,0.231881592897624
399.578030189527,9.99992070649124e-05,-80.0000688737397,0.228169050528376
406.077202570036,9.99992322525219e-05,-80.0000666859546,0.224515902389177
412.682084570295,9.99992566403576e-05,-80.0000645676381,0.220921197614849
419.394395566719,9.99992802538139e-05,-80.0000625165844,0.217384000548517
426.215882901532,9.99993031174787e-05,-80.0000605306576,0.213903390498339
433.14832233764,9.99993252551596e-05,-80.0000586077899,0.210478461498033
440.193518520887,9.99993466899081e-05,-80.0000567459789,0.207108322071289
447.353305449847,9.99993674440437e-05,-80.000054943286,0.203792094999969
454.62954695324,9.99993875391775e-05,-80.000053197834,0.200528917095909
462.024137175131,9.99994069962342e-05,-80.0000515078054,0.197317938976484
469.539001068006,9.99994258354741e-05,-80.0000498714402,0.194158324843654
477.176094893875,9.99994440765144e-05,-80.0000482870347,0.191049252266599
484.937406733524,9.99994617383493e-05,-80.0000467529388,0.187989911967785
492.824957004051,9.99994788393699e-05,-80.0000452675551,0.184979507612476
500.840798984821,9.99994953973835e-05,-80.000043829337,0.1820172556016
508.987019351968,9.99995114296318e-05,-80.0000424367867,0.17910238486793
517.265738721602,9.99995269528091e-05,-80.0000410884541,0.176234136675504
525.679112201842,9.99995419830797e-05,-80.0000397829353,0.173411764422213
534.229329953835,9.99995565360947e-05,-80.0000385188708,0.170634533445611
542.918617761894,9.99995706270081e-05,-80.0000372949443,0.167901720831827
551.749237612912,9.99995842704929e-05,-80.0000361098812,0.165212615227466
560.723488285203,9.99995974807559e-05,-80.0000349624477,0.162566516654528
569.843705946914,9.99996102715533e-05,-80.0000338514487,0.159962736328337
579.112264764176,9.99996226562041e-05,-80.0000327757275,0.157400596478326
588.531577519145,9.99996346476044e-05,-80.0000317341639,0.154879430171746
598.104096238094,9.99996462582412e-05,-80.0000307256731,0.152398581140005
607.832312829723,9.99996575002047e-05,-80.0000297492052,0.149957403608151
617.718759733849,9.99996683852012e-05,-80.0000288037432,0.147555262126602
627.76601058065,9.99996789245654e-05,-80.0000278883027,0.145191531406016
637.976680860628,9.99996891292721e-05,-80.0000270019303,0.142865596154452
648.353428605472,9.99996990099477e-05,-80.0000261437031,0.140576850917372
658.898955079995,9.9999708576881e-05,-80.0000253127274,0.138324699920044
669.616005485322,9.99997178400342e-05,-80.0000245081378,0.136108556912513
680.507369673521,9.99997268090531e-05,-80.0000237290966,0.133927845017081
691.575882873852,9.99997354932775e-05,-80.0000229747924,0.131781996578235
702.824426430834,9.99997439017503e-05,-80.0000222444398,0.129670453014823
714.255928554312,9.99997520432274e-05,-80.0000215372783,0.127592664674823
725.873365081725,9.99997599261868e-05,-80.0000208525715,0.125548090692228
737.679760252773,9.99997675588371e-05,-80.0000201896063,0.123536198846337
749.678187496687,9.99997749491263e-05,-80.0000195476925,0.121556465423238
761.8717702323,9.99997821047502e-05,-80.0000189261615,0.119608375079564
774.263682681127,9.999978903316e-05,-80.0000183243662,0.117691420708313
786.857150693685,9.99997957415705e-05,-80.0000177416799,0.115805103306943
799.655452589235,9.99998022369673e-05,-80.0000171774957,0.113948931847466
812.661920009194,9.99998085261142e-05,-80.0000166312263,0.11212242314873
825.879938784427,9.99998146155603e-05,-80.0000161023028,0.110325101750568
839.312949816636,9.99998205116467e-05,-80.0000155901743,0.108556499790158
852.964449974102,9.9999826220513e-05,-80.0000150943076,0.106816156880248
866.837993001977,9.99998317481042e-05,-80.0000146141863,0.105103619989258
880.937190447399,9.99998371001763e-05,-80.0000141493104,0.103418443323495
895.26571259964,9.99998422823024e-05,-80.0000136991959,0.101760188211047
909.827289445556,9.9999847299879e-05,-80.0000132633741,0.100128422987645
924.625711640574,9.99998521581309e-05,-80.0000128413911,0.0985227228843196
939.664831495469,9.99998568621172e-05,-80.0000124328074,0.0969426699168624
954.948563979196,9.99998614167364e-05,-80.0000120371977,0.0953878527770234
970.480887738031,9.99998658267312e-05,-80.0000116541499,0.0938578667254539
986.265846131282,9.99998700966939e-05,-80.0000112832651,0.0923523134863793
1002.30754828386,9.99998742310711e-05,-80.0000109241572,0.0908708011439641
1018.61017015598,9.99998782341678e-05,-80.0000105764522,0.0894129440402538
1035.17795563018,9.99998821101528e-05,-80.0000102397881,0.0879783626748353
1052.01521761616,9.99998858630622e-05,-80.0000099138141,0.0865666836060613
1069.12633917348,9.9999889496804e-05,-80.000009598191,0.085177539353865
1086.51577465254,9.99998930151621e-05,-80.0000092925899,0.0838105683040516
1104.18805085416,9.99998964218003e-05,-80.0000089966928,0.0824654146143058
1122.14776820798,9.99998997202661e-05,-80.0000087101914,0.0811417281213837
1140.39960197003,9.99999029139943e-05,-80.0000084327874,0.0798391642501994
1158.94830343981,9.99999060063107e-05,-80.000008164192,0.0785573839239431
1177.79870119712,9.99999090004353e-05,-80.0000079041254,0.0772960534759027
1196.95570235904,9.99999118994861e-05,-80.0000076523168,0.0760548445626608
1216.42429385737,9.99999147064819e-05,-80.000007408504,0.0748334340785754
1236.20954373677,9.99999174243457e-05,-80.0000071724332,0.073631504071661
1256.31660247412,9.99999200559078e-05,-80.0000069438584,0.0724487416609065
1276.75070431926,9.99999226039085e-05,-80.0000067225417,0.0712848389547514
1297.51716865759,9.99999250710012e-05,-80.0000065082526,0.0701394929710125
1318.62140139475,9.99999274597549e-05,-80.0000063007679,0.0690124055580055
1340.06889636395,9.99999297726571e-05,-80.0000060998717,0.0679032833168637
1361.86523675608,9.99999320121163e-05,-80.0000059053546,0.066811837525306
1384.01609657313,9.99999341804645e-05,-80.0000057170141,0.0657377840623854
1406.52724210524,9.99999362799598e-05,-80.0000055346541,0.0646808433345471
1429.40453343176,9.99999383127884e-05,-80.0000053580848,0.0636407402028704
1452.65392594678,9.99999402810672e-05,-80.0000051871221,0.0626172039114553
1476.28147190939,9.99999421868458e-05,-80.0000050215882,0.0616099680169284
1500.29332201922,9.99999440321088e-05,-80.0000048613106,0.06061877031912
1524.69572701757,9.99999458187777e-05,-80.0000047061224,0.0596433527927326
1549.49503931463,9.99999475487131e-05,-80.0000045558621,0.0586834615202951
1574.69771464309,9.99999492237164e-05,-80.0000044103731,0.0577388466259945
1600.3103137387,9.99999508455318e-05,-80.0000042695039,0.0568092622106397
1626.33950404819,9.99999524158482e-05,-80.0000041331079,0.0558944662876691
1652.7920614649,9.99999539363009e-05,-80.000004001043,0.0549942207201373
1679.67487209265,9.99999554084731e-05,-80.0000038731717,0.0541082911587831
1706.99493403841,9.99999568338979e-05,-80.0000037493608,0.0532364469809632
1734.75935923393,9.99999582140596e-05,-80.0000036294814,0.0523784612306285
1762.97537528721,9.99999595503955e-05,-80.0000035134087,0.0515341105593442
1791.6503273639,9.99999608442971e-05,-80.0000034010218,0.0507031751679708
1820.79168009946,9.99999620971118e-05,-80.0000032922037,0.049885438749618
1850.4070195423,9.99999633101442e-05,-80.000003186841,0.0490806884332722
1880.50405512858,9.99999644846576e-05,-80.000003084824,0.0482887147283789
1911.09062168914,9.99999656218749e-05,-80.0000029860465,0.0475093114702768
1942.17468148903,9.99999667229805e-05,-80.0000028904057,0.0467422757666628
1973.76432630026,9.99999677891208e-05,-80.0000027978019,0.045987407944604
2005.86777950824,9.99999688214062e-05,-80.0000027081387,0.0452445114987073
2038.49339825247,9.99999698209116e-05,-80.0000026213227,0.044513393039849
2071.64967560207,9.99999707886779e-05,-80.0000025372636,0.0437938622449729
2105.34524276671,9.99999717257127e-05,-80.0000024558737,0.0430857318073842
2139.58887134342,9.99999726329919e-05,-80.0000023770684,0.0423888173881132
2174.38947560008,9.99999735114603e-05,-80.0000023007656,0.0417029375679137
2209.7561147959,9.99999743620327e-05,-80.0000022268858,0.0410279137999875
2245.69799553978,9.99999751855947e-05,-80.0000021553521,0.0403635703635483
2282.2244741869,9.99999759830041e-05,-80.00000208609,0.0397097343180601
2319.34505927443,9.9999976755091e-05,-80.0000020190274,0.0390662354582254
2357.06941399673,9.99999775026598e-05,-80.0000019540944,0.0384329062697124
2395.40735872088,9.99999782264886e-05,-80.0000018912234,0.0378095818854668
2434.36887354312,9.99999789273313e-05,-80.0000018303489,0.0371961000429014
2473.96410088681,9.99999796059178e-05,-80.0000017714077,0.0365923010415567
2514.2033481428,9.99999802629547e-05,-80.0000017143381,0.0359980277015881
2555.09709035251,9.99999808991261e-05,-80.000001659081,0.0354131253228514
2596.65597293487,9.99999815150945e-05,-80.0000016055786,0.0348374416446117
2638.89081445752,9.99999821115014e-05,-80.0000015537754,0.034270826805926
2681.81260945302,9.99999826889679e-05,-80.0000015036173,0.0337131333065608
2725.43253128103,9.99999832480952e-05,-80.0000014550521,0.0331642159687492
2769.76193503689,9.99999837894656e-05,-80.0000014080292,0.0326239318992402
2814.81236050758,9.9999984313643e-05,-80.0000013624998,0.0320921404521884
2860.59553517575,9.9999984821173e-05,-80.0000013184163,0.0315687031925263
2907.12337727258,9.99999853125842e-05,-80.0000012757328,0.0310534838599098
2954.40799888038,9.99999857883884e-05,-80.000001234405,0.030546348333287
3002.46170908555,9.99999862490811e-05,-80.0000011943897,0.0300471645959116
3051.29701718287,9.99999866951419e-05,-80.0000011556454,0.0295558027011077
3100.92663593193,9.99999871270354e-05,-80.0000011181316,0.0290721347382633
3151.36348486648,9.99999875452113e-05,-80.0000010818093,0.0285960347996764
3202.62069365765,9.99999879501051e-05,-80.0000010466406,0.0281273789477566
3254.71160553185,9.99999883421384e-05,-80.0000010125891,0.0276660451827112
3307.64978074425,9.99999887217195e-05,-80.000000979619,0.0272119134107773
3361.44900010877,9.99999890892436e-05,-80.0000009476963,0.0267648654130785
3416.12326858553,9.99999894450935e-05,-80.0000009167876,0.0263247848147218
3471.68681892656,9.99999897896397e-05,-80.0000008868607,0.0258915570545449
3528.15411538089,9.9999990123241e-05,-80.0000008578844,0.0254650693553077
3585.53985745982,9.99999904462447e-05,-80.0000008298287,0.0250452106943419
3643.85898376355,9.99999907589874e-05,-80.0000008026642,0.0246318717746341
3703.12667586993,9.99999910617946e-05,-80.0000007763627,0.0242249449963272
3763.35836228654,9.99999913549816e-05,-80.0000007508968,0.0238243244288466
3824.569722467,9.99999916388538e-05,-80.00000072624,0.0234299057831529
3886.77669089267,9.99999919137068e-05,-80.0000007023665,0.0230415863847199
3949.99546122065,9.99999921798267e-05,-80.0000006792516,0.0226592651467795
4014.24249049932,9.99999924374908e-05,-80.0000006568712,0.0222828425439364
4079.53450345245,9.99999926869673e-05,-80.000000635202,0.0219122205863667
4145.88849683291,9.9999992928516e-05,-80.0000006142213,0.021547302794247
4213.32174384729,9.99999931623885e-05,-80.0000005939074,0.0211879941726402
4281.85179865242,9.99999933888282e-05,-80.0000005742391,0.0208342011867892
4351.49650092505,9.99999936080711e-05,-80.0000005551959,0.020485831737741
4422.2739805059,9.99999938203453e-05,-80.000000536758,0.0201427951384036
4494.20266211915,9.9999994025872e-05,-80.0000005189062,0.0198050020899208
4567.30127016875,9.99999942248652e-05,-80.0000005016219,0.0194723646584286
4641.58883361279,9.99999944175321e-05,-80.000000484887,0.0191447962521426
4717.08469091702,9.99999946040734e-05,-80.0000004686842,0.018822211598878
4793.80849508911,9.99999947846832e-05,-80.0000004529967,0.0185045267237724
4871.78021879464,9.99999949595496e-05,-80.000000437808,0.0181916589274808
4951.02015955636,9.99999951288548e-05,-80.0000004231023,0.0178835267646616
5031.54894503806,9.99999952927751e-05,-80.0000004088644,0.0175800500226925
5113.38753841432,9.99999954514811e-05,-80.0000003950793,0.0172811497008573
5196.55724382766,9.99999956051382e-05,-80.0000003817328,0.0169867479898118
5281.07971193434,9.99999957539063e-05,-80.000000368811,0.016696768251203
5366.97694554048,9.99999958979403e-05,-80.0000003563004,0.0164111349978732
5454.27130532984,9.99999960373903e-05,-80.0000003441879,0.0161297738741028
5542.98551568467,9.99999961724015e-05,-80.000000332461,0.0158526116362973
5633.14267060136,9.99999963031144e-05,-80.0000003211074,0.0155795761338793
5724.76623970218,9.99999964296652e-05,-80.0000003101154,0.0153105962905733
5817.88007434494,9.99999965521856e-05,-80.0000002994734,0.0150456020858446
5912.50841383189,9.99999966708033e-05,-80.0000002891704,0.0147845245366811
6008.6758917197,9.99999967856417e-05,-80.0000002791956,0.0145272956797306
6106.40754223204,9.99999968968204e-05,-80.0000002695388,0.0142738485534016
6205.72880677651,9.99999970044553e-05,-80.0000002601897,0.0140241171806493
6306.66554056741,9.99999971086584e-05,-80.0000002511387,0.0137780365516867
6409.24401935646,9.99999972095382e-05,-80.0000002423764,0.0135355426070638
6513.49094627281,9.99999973071998e-05,-80.0000002338936,0.0132965722210395
6619.43345877439,9.99999974017448e-05,-80.0000002256816,0.0130610631850812
6727.09913571234,9.99999974932718e-05,-80.0000002177316,0.0128289541917583
6836.51600451024,9.9999997581876e-05,-80.0000002100356,0.0126001848186996
6947.71254846024,9.99999976676497e-05,-80.0000002025854,0.0123746955129065
7060.71771413779,9.99999977506822e-05,-80.0000001953733,0.0121524275752578
7175.56091893693,9.999999783106e-05,-80.0000001883917,0.0119333231452172
7292.27205872832,9.99999979088667e-05,-80.0000001816335,0.0117173251857194
7410.88151564158,9.99999979841835e-05,-80.0000001750916,0.0115043774684254
7531.42016597438,9.99999980570888e-05,-80.0000001687591,0.0112944245590276
7653.91938823016,9.99999981276584e-05,-80.0000001626295,0.0110874118027854
7778.41107128649,9.99999981959658e-05,-80.0000001566964,0.0108832853103776
7904.92762269643,9.99999982620822e-05,-80.0000001509536,0.0106819919438066
8033.50197712474,9.99999983260764e-05,-80.0000001453952,0.0104834793025941
8164.16760492148,9.99999983880152e-05,-80.0000001400152,0.010287695710131
8296.95852083492,9.99999984479628e-05,-80.0000001348082,0.010094590200255
8431.90929286626,9.99999985059819e-05,-80.0000001297688,0.00990411250393021
8569.05505126835,9.99999985621328e-05,-80.0000001248916,0.0097162130362075
8708.43149769073,9.99999986164739e-05,-80.0000001201715,0.00953084288329824
8850.07491447345,9.99999986690619e-05,-80.0000001156038,0.00934795378982679
8994.02217409206,9.99999987199516e-05,-80.0000001111836,0.00916749814629912
9140.31074875623,9.99999987691959e-05,-80.0000001069063,0.00898942897669865
9288.9787201645,9.9999998816846e-05,-80.0000001027674,0.00881369992623473
9440.06478941761,9.99999988629518e-05,-80.0000000987628,0.0086402652492947
9593.60828709316,9.9999998907561e-05,-80.000000094888,0.00846907979757409
9749.6491834841,9.99999989507203e-05,-80.0000000911393,0.00830009900821947
9908.2280990038,9.99999989924745e-05,-80.0000000875126,0.00813327889234033
10069.3863147603,9.99999990328671e-05,-80.0000000840041,0.00796857602349542
10233.1657833025,9.99999990719401e-05,-80.0000000806102,0.00780594752640821
10399.6091395412,9.99999991097344e-05,-80.0000000773275,0.00764535106577127
10568.7597118481,9.99999991462892e-05,-80.0000000741524,0.00748674483531792
10740.6615333343,9.99999991816425e-05,-80.0000000710816,0.00733008754679207
10915.3593533139,9.99999992158313e-05,-80.000000068112,0.00717533841936331
11092.8986489522,9.99999992488911e-05,-80.0000000652405,0.00702245716887666
11273.3256371049,9.99999992808563e-05,-80.000000062464,0.00687140399744577
11456.6872863487,9.99999993117602e-05,-80.0000000597798,0.00672213958307162
11643.0313292088,9.9999999341635e-05,-80.0000000571848,0.00657462506937568
11832.4062745838,9.99999993705119e-05,-80.0000000546766,0.00642882205554931
12024.8614203741,9.99999993984208e-05,-80.0000000522525,0.00628469258627785
12220.4468663149,9.99999994253909e-05,-80.0000000499099,0.00614219914194443
12419.2135270179,9.99999994514502e-05,-80.0000000476464,0.00600130462878304
12621.2131452255,9.99999994766258e-05,-80.0000000454597,0.00586197236928591
12826.4983052806,9.99999995009441e-05,-80.0000000433474,0.00572416609262374
13035.1224468151,9.99999995244303e-05,-80.0000000413075,0.00558784992519305
13247.1398786612,9.99999995471088e-05,-80.0000000393376,0.00545298838130355
13462.6057929891,9.99999995690033e-05,-80.0000000374359,0.00531954635394175
13681.5762796747,9.99999995901366e-05,-80.0000000356003,0.00518748910562378
13904.1083409007,9.99999996105307e-05,-80.0000000338289,0.00505678225932435
14130.2599059953,9.99999996302068e-05,-80.0000000321198,0.00492739178957126
14360.0898465126,9.99999996491854e-05,-80.0000000304714,0.00479928401357799
14593.6579915576,9.99999996674863e-05,-80.0000000288818,0.0046724255824272
14831.025143361,9.99999996851285e-05,-80.0000000273494,0.00454678347248325
15072.2530931076,9.99999997021305e-05,-80.0000000258726,0.00442232497672835
15317.4046370208,9.99999997185099e-05,-80.0000000244499,0.00429901769621324
15566.5435927106,9.99999997342837e-05,-80.0000000230798,0.00417682953173684
15819.734815786,9.99999997494684e-05,-80.0000000217609,0.00405572867539873
16077.0442167382,9.99999997640798e-05,-80.0000000204918,0.00393568360234242
16338.5387780986,9.99999997781332e-05,-80.0000000192711,0.00381666306254948
16604.2865718753,9.99999997916431e-05,-80.0000000180977,0.0036986360727101
16874.3567772738,9.99999998046236e-05,-80.0000000169702,0.00358157190815717
17148.8196987054,9.99999998170883e-05,-80.0000000158875,0.00346544009486401
17427.7467840892,9.99999998290501e-05,-80.0000000148485,0.0033502104015057
17711.2106434509,9.99999998405215e-05,-80.0000000138521,0.00323585283160949
17999.2850678248,9.99999998515144e-05,-80.0000000128973,0.00312233761574334
18292.045048463,9.99999998620402e-05,-80.000000011983,0.00300963520370447
18589.5667963569,9.999999987211e-05,-80.0000000111084,0.00289771625693696
18891.9277620767,9.99999998817343e-05,-80.0000000102724,0.00278655164079659
19199.2066559328,9.99999998909229e-05,-80.0000000094743,0.00267611241704474
19511.4834684662,9.99999998996856e-05,-80.0000000087132,0.00256636983622784
19828.8394912707,9.99999999080314e-05,-80.0000000079883,0.00245729533027294
20151.3573381556,9.99999999159691e-05,-80.0000000072988,0.00234886050501985
20479.1209666509,9.99999999235068e-05,-80.0000000066441,0.00224103713280405
20812.2156998634,9.99999999306525e-05,-80.0000000060234,0.00213379714517959
21150.728248688,9.99999999374135e-05,-80.0000000054362,0.00202711262551476
21494.7467343798,9.9999999943797e-05,-80.0000000048817,0.00192095580180401
21844.3607114943,9.99999999498096e-05,-80.0000000043595,0.00181529903942906
22199.6611911996,9.99999999554574e-05,-80.0000000038689,0.00171011483389446
22560.7406649686,9.99999999607465e-05,-80.0000000034095,0.00160537580376679
22927.6931286565,9.99999999656823e-05,-80.0000000029808,0.0015010546834866
23300.6141069693,9.999999997027e-05,-80.0000000025823,0.00139712431629486
23679.6006783308,9.99999999745143e-05,-80.0000000022137,0.00129355764712122
24064.7515001543,9.99999999784197e-05,-80.0000000018744,0.00119032771559953
24456.1668345245,9.99999999819902e-05,-80.0000000015643,0.00108740764900703
24853.948574298,9.99999999852295e-05,-80.000000001283,0.000984770655305224
25258.2002696279,9.99999999881411e-05,-80.0000000010301,0.000882390016130024
25669.0271549195,9.99999999907279e-05,-80.0000000008054,0.000780239079858085
26086.5361762255,9.99999999929926e-05,-80.0000000006087,0.000678291254647771
26510.8360190854,9.99999999949376e-05,-80.0000000004397,0.000576520001569153
26942.0371368188,9.9999999996565e-05,-80.0000000002984,0.000474898827581346
27380.2517792786,9.99999999978764e-05,-80.0000000001845,0.000373401278802452
27825.5940220713,9.99999999988732e-05,-80.0000000000979,0.000272000933474177
28278.1797962535,9.99999999995564e-05,-80.0000000000385,0.000170671395155443
28738.1269185107,9.99999999999267e-05,-80.0000000000064,6.93862858651102e-05
29205.5551218275,9.99999999999845e-05,-80.0000000000014,-3.18807608643534e-05
29680.586086656,9.99999999997299e-05,-80.0000000000234,-0.000133156106780536
30163.343472592,9.99999999991627e-05,-80.0000000000727,-0.000234466115742915
30653.9529505653,9.99999999982821e-05,-80.0000000001492,-0.000335837160707353
31152.5422355549,9.99999999970874e-05,-80.000000000253,-0.000437295630456154
31659.2411198352,9.99999999955773e-05,-80.0000000003841,-0.000538867936582558
32174.1815067637,9.99999999937501e-05,-80.0000000005429,-0.000640580520271689
32697.4974451177,9.9999999991604e-05,-80.0000000007293,-0.000742459859259602
33229.3251639898,9.99999999891368e-05,-80.0000000009436,-0.000844532474665121
33769.8031082509,9.99999999863459e-05,-80.000000001186,-0.000946824937923442
34319.0719745905,9.99999999832283e-05,-80.0000000014568,-0.00104936387771975
34877.2747481418,9.99999999797809e-05,-80.0000000017562,-0.00115217598689737
35444.5567397044,9.9999999976e-05,-80.0000000020846,-0.00125528802937867
36021.0656235708,9.99999999718817e-05,-80.0000000024423,-0.00135872684720045
36606.951475969,9.99999999674217e-05,-80.0000000028297,-0.00146251936746024
37202.3668141307,9.99999999626154e-05,-80.0000000032472,-0.00156669260932629
37807.4666359935,9.99999999574578e-05,-80.0000000036952,-0.0016712736910602
38422.4084605506,9.99999999519435e-05,-80.0000000041741,-0.00177628983712866
39047.3523688557,9.99999999460667e-05,-80.0000000046846,-0.00188176838518792
39682.4610456948,9.99999999398213e-05,-80.0000000052271,-0.00198773679334823
40327.8998219371,9.99999999332009e-05,-80.0000000058021,-0.00209422264720916
40983.8367175726,9.99999999261986e-05,-80.0000000064103,-0.00220125366702227
41650.4424854519,9.99999999188069e-05,-80.0000000070523,-0.00230885771503179
42327.8906557356,9.99999999110183e-05,-80.0000000077289,-0.00241706280259907
43016.3575810679,9.99999999028247e-05,-80.0000000084405,-0.00252589709756876
43716.0224824851,9.99999998942174e-05,-80.0000000091882,-0.00263538893157136
44427.0674960689,9.99999998851876e-05,-80.0000000099725,-0.00274556680744025
45149.6777203611,9.99999998757259e-05,-80.0000000107943,-0.00285645940653971
45884.0412645477,9.99999998658222e-05,-80.0000000116545,-0.00296809559632194
46630.3492974273,9.99999998554665e-05,-80.000000012554,-0.00308050443782037
47388.7960971765,9.99999998446479e-05,-80.0000000134937,-0.00319371519320675
48159.5791019236,9.99999998333551e-05,-80.0000000144746,-0.00330775733337354
48942.8989611454,9.99999998215764e-05,-80.0000000154977,-0.00342266054565629
49738.9595879007,9.99999998092994e-05,-80.000000016564,-0.00353845474155607
50547.9682119124,9.99999997965115e-05,-80.0000000176748,-0.00365517006448726
51370.1354335134,9.99999997831993e-05,-80.0000000188311,-0.00377283689769078
52205.6752784698,9.99999997693488e-05,-80.0000000200341,-0.003891485872071
53054.8052536958,9.99999997549458e-05,-80.0000000212851,-0.00401114787418526
53917.7464038751,9.99999997399753e-05,-80.0000000225855,-0.00413185405436067
54794.7233690029,9.99999997244215e-05,-80.0000000239365,-0.00425363583469636
55685.9644428641,9.99999997082683e-05,-80.0000000253395,-0.00437652491730752
56591.7016324625,9.9999999691499e-05,-80.0000000267961,-0.00450055329255663
57512.1707184162,9.9999999674096e-05,-80.0000000283077,-0.00462575324737382
58447.6113163364,9.99999996560412e-05,-80.0000000298759,-0.0047521573737044
59398.2669392037,9.99999996373159e-05,-80.0000000315023,-0.00487979857693101
60364.3850607587,9.99999996179005e-05,-80.0000000331887,-0.00500871008448651
61346.2171799251,9.99999995977747e-05,-80.0000000349368,-0.00513892545450512
62344.0188862787,9.99999995769177e-05,-80.0000000367484,-0.00527047858448624
63358.0499265826,9.99999995553077e-05,-80.0000000386255,-0.00540340372025092
64388.5742724043,9.99999995329223e-05,-80.0000000405699,-0.0055377354646947
65435.8601888323,9.9999999509738e-05,-80.0000000425836,-0.00567350878694763
66500.1803043112,9.99999994857309e-05,-80.0000000446689,-0.00581075903138161
67581.8116816112,9.99999994608757e-05,-80.0000000468277,-0.00594952192683399
68681.0358899531,9.99999994351468e-05,-80.0000000490625,-0.00608983359593295
69798.1390783067,9.99999994085173e-05,-80.0000000513755,-0.00623173056444835
70933.41204988,9.99999993809594e-05,-80.0000000537692,-0.00637524977088425
72087.1503378214,9.99999993524445e-05,-80.000000056246,-0.00652042857600788
73259.6542821524,9.99999993229428e-05,-80.0000000588084,-0.00666730477260759
74451.2291079515,9.99999992924237e-05,-80.0000000614593,-0.00681591659535253
75662.1850048107,9.99999992608554e-05,-80.0000000642013,-0.00696630273072873
76892.8372075831,9.99999992282049e-05,-80.0000000670373,-0.00711850232708966
78143.5060784455,9.99999991944384e-05,-80.0000000699702,-0.00727255500488488
79414.5171902935,9.99999991595206e-05,-80.0000000730031,-0.00742850086696503
80706.2014114951,9.99999991234151e-05,-80.0000000761392,-0.00758638050896317
82018.8949920222,9.99999990860844e-05,-80.0000000793817,-0.00774623502998146
83352.9396509819,9.99999990474896e-05,-80.000000082734,-0.00790810604316329
84708.6826655741,9.99999990075906e-05,-80.0000000861996,-0.00807203568662169
86086.4769614925,9.99999989663457e-05,-80.0000000897821,-0.00823806663432955
87486.6812047992,9.9999998923712e-05,-80.0000000934852,-0.00840624210732788
88909.6598952918,9.9999998879645e-05,-80.0000000973128,-0.00857660588484503
90355.7834613893,9.99999988340991e-05,-80.0000001012689,-0.00874920231582304
91825.4283565629,9.99999987870266e-05,-80.0000001053575,-0.00892407633038034
93318.9771573325,9.99999987383786e-05,-80.000000109583,-0.00910127345155435
94836.8186628594,9.99999986881044e-05,-80.0000001139498,-0.00928083980710775
96379.347996158,9.99999986361516e-05,-80.0000001184624,-0.00946282214156362
97946.9667069539,9.99999985824662e-05,-80.0000001231254,-0.00964726782836795
99540.0828762153,9.99999985269923e-05,-80.0000001279438,-0.00983422488223015
101159.111222383,9.99999984696721e-05,-80.0000001329226,-0.010023741971629
102804.473209331,9.99999984104459e-05,-80.0000001380669,-0.0102158684314586
104476.597156081,9.9999998349252e-05,-80.0000001433822,-0.0104106542758522
106175.9183483,9.99999982860267e-05,-80.0000001488738,-0.0106081502112736
107902.879151618,9.99999982207041e-05,-80.0000001545477,-0.0108084076496589
109657.929126781,9.99999981532163e-05,-80.0000001604096,-0.0110114787217879
111441.525146679,9.9999998083493e-05,-80.0000001664657,-0.0112174162909348
113254.131515281,9.99999980114615e-05,-80.0000001727223,-0.0114262739665447
115096.220088503,9.99999979370468e-05,-80.0000001791858,-0.011638106118215
116968.270397039,9.99999978601716e-05,-80.0000001858631,-0.0118529678898687
118870.76977119,9.99999977807556e-05,-80.0000001927611,-0.0120709152140787
120804.213467733,9.99999976987162e-05,-80.000000199887,-0.0122920048266736
122769.104798836,9.9999997613968e-05,-80.0000002072481,-0.0125162942814696
124765.955263087,9.99999975264227e-05,-80.0000002148522,-0.0127438419652322
126795.284678643,9.99999974359891e-05,-80.0000002227071,-0.0129747071129425
128857.621318552,9.99999973425731e-05,-80.0000002308212,-0.0132089498231787
130953.502048267,9.99999972460775e-05,-80.0000002392027,-0.0134466310737131
133083.472465408,9.99999971464016e-05,-80.0000002478604,-0.013687812737479
135248.087041788,9.99999970434418e-05,-80.0000002568034,-0.0139325575986259
137447.909267754,9.99999969370908e-05,-80.0000002660409,-0.0141809293688673
139683.511798874,9.99999968272378e-05,-80.0000002755826,-0.0144329927040837
141955.47660501,9.99999967137685e-05,-80.0000002854384,-0.0146888132210774
144264.395121816,9.99999965965647e-05,-80.0000002956186,-0.0149484575147984
146610.868404698,9.99999964755043e-05,-80.0000003061338,-0.0152119931755324
148995.507285285,9.99999963504614e-05,-80.0000003169949,-0.015479488806597
151418.932530435,9.99999962213056e-05,-80.0000003282132,-0.0157510140421532
153881.775003835,9.99999960879024e-05,-80.0000003398005,-0.0160266395653469
156384.675830225,9.99999959501131e-05,-80.0000003517687,-0.0163064371266676
158928.286562298,9.9999995807794e-05,-80.0000003641304,-0.0165904795627256
161513.269350309,9.9999995660797e-05,-80.0000003768984,-0.0168788408151072
164140.297114447,9.9999995508969e-05,-80.000000390086,-0.0171715959496737
166810.053720006,9.99999953521518e-05,-80.000000403707,-0.0174688211761155
169523.234155412,9.99999951901823e-05,-80.0000004177755,-0.0177705938677483
172280.544713139,9.99999950228917e-05,-80.0000004323062,-0.0180769925816774
175082.703173572,9.99999948501058e-05,-80.0000004473142,-0.0183880970792423
177930.438991858,9.99999946716446e-05,-80.0000004628151,-0.0187039883468053
180824.493487795,9.99999944873225e-05,-80.0000004788251,-0.0190247486167933
183765.620038817,9.99999942969473e-05,-80.0000004953609,-0.0193504613891481
186754.584276108,9.99999941003209e-05,-80.0000005124396,-0.0196812114530046
189792.16428391,9.99999938972385e-05,-80.0000005300791,-0.020017084908828
192879.150802078,9.99999936874886e-05,-80.0000005482978,-0.0203581691907661
196016.347431919,9.99999934708529e-05,-80.0000005671145,-0.0207045530894607
199204.570845387,9.99999932471056e-05,-80.000000586549,-0.0210563267751509
202444.650997681,9.99999930160138e-05,-80.0000006066213,-0.0214135818210823
205737.431343291,9.9999992777337e-05,-80.0000006273526,-0.0217764112274623
209083.769055575,9.99999925308264e-05,-80.0000006487642,-0.0221449094455696
212484.535249888,9.99999922762255e-05,-80.0000006708785,-0.0225191724023837
215940.615210357,9.99999920132691e-05,-80.0000006937187,-0.0228992975255589
219452.908620332,9.99999917416833e-05,-80.0000007173083,-0.023285383768754
223022.329796594,9.99999914611854e-05,-80.000000741672,-0.0236775316374335
226649.807927369,9.99999911714832e-05,-80.0000007668353,-0.0240758432150112
230336.287314213,9.99999908722752e-05,-80.0000007928241,-0.0244804221894144
234082.72761783,9.99999905632496e-05,-80.0000008196658,-0.0248913738801059
237890.10410789,9.99999902440847e-05,-80.0000008473881,-0.0253088052654496
241759.407916913,9.99999899144482e-05,-80.00000087602,-0.0257328250106102
245691.646298279,9.99999895739967e-05,-80.0000009055912,-0.026163543495809
249687.842888433,9.99999892223758e-05,-80.0000009361326,-0.0266010728450894
253749.037973357,9.99999888592193e-05,-80.000000967676,-0.0270455269554631
257876.288759381,9.9999988484149e-05,-80.0000010002542,-0.0274970215265657
262070.669648385,9.99999880967743e-05,-80.0000010339011,-0.0279556740908211
266333.272517498,9.99999876966919e-05,-80.0000010686518,-0.0284216040439874
270665.207003324,9.99999872834851e-05,-80.0000011045425,-0.028894932676263
275067.600790807,9.99999868567237e-05,-80.0000011416106,-0.0293757832038375
279541.599906786,9.99999864159632e-05,-80.0000011798945,-0.0298642808009643
284088.36901833,9.99999859607446e-05,-80.0000012194343,-0.030360552632619
288709.091735924,9.9999985490594e-05,-80.0000012602711,-0.0308647278875004
293404.970921579,9.99999850050217e-05,-80.0000013024474,-0.0313769378117188
298177.229001968,9.9999984503522e-05,-80.0000013460071,-0.0318973157429305
303027.10828664,9.99999839855729e-05,-80.0000013909956,-0.0324259971450812
307955.871291423,9.99999834506348e-05,-80.0000014374597,-0.0329631196436346
312964.801067075,9.99999828981507e-05,-80.0000014854479,-0.0335088230614358
318055.201533292,9.99999823275453e-05,-80.00000153501,-0.0340632494550844
323228.397818138,9.99999817382245e-05,-80.0000015861978,-0.0346265431519053
328485.736603005,9.99999811295744e-05,-80.0000016390645,-0.0351988507875299
333828.586473176,9.99999805009614e-05,-80.0000016936651,-0.0357803213440885
339258.338274099,9.99999798517308e-05,-80.0000017500566,-0.0363711061889492
344776.405473447,9.99999791812065e-05,-80.0000018082976,-0.0369713591141697
350384.224529068,9.99999784886904e-05,-80.0000018684488,-0.0375812363764448
356083.255262928,9.99999777734612e-05,-80.0000019305729,-0.0382008967379449
361874.981241128,9.99999770347741e-05,-80.0000019947344,-0.0388305015074217
367760.910160103,9.99999762718599e-05,-80.0000020610003,-0.0394702145824201
373742.574239107,9.99999754839243e-05,-80.0000021294395,-0.0401202024917707
379821.530619074,9.99999746701466e-05,-80.0000022001234,-0.0407806344390361
385999.361767977,9.99999738296794e-05,-80.0000022731255,-0.0414516823465295
392277.675892772,9.99999729616475e-05,-80.0000023485218,-0.0421335209000722
398658.107358044,9.99999720651471e-05,-80.0000024263908,-0.0428263275944365
405142.317111465,9.99999711392445e-05,-80.0000025068137,-0.0435302827795661
411731.993116168,9.99999701829756e-05,-80.0000025898742,-0.0442455697075845
418428.850790159,9.99999691953445e-05,-80.0000026756588,-0.044972374580376
425234.633452868,9.99999681753229e-05,-80.0000027642568,-0.0457108865981721
432151.112778977,9.99999671218484e-05,-80.0000028557604,-0.0464612980087227
439180.089259609,9.99999660338242e-05,-80.000002950265,-0.0472238041573581
446323.39267104,9.99999649101171e-05,-80.000003047869,-0.0479986035379031
453582.882551019,9.99999637495571e-05,-80.000003148674,-0.0487858978442279
460960.448682843,9.99999625509355e-05,-80.000003252785,-0.0495858920228286
468458.011587305,9.99999613130043e-05,-80.0000033603104,-0.0503987943262098
476077.523022637,9.99999600344742e-05,-80.0000034713621,-0.0512248163669794
483820.966492596,9.9999958714014e-05,-80.0000035860559,-0.0520641731730505
491690.357762803,9.99999573502485e-05,-80.0000037045111,-0.0529170832435171
499687.745385488,9.99999559417577e-05,-80.0000038268512,-0.0537837686056117
507815.211232767,9.99999544870748e-05,-80.0000039532034,-0.0546644548724386
516074.871038591,9.99999529846849e-05,-80.0000040836993,-0.0555593713017507
524468.874949512,9.99999514330237e-05,-80.000004218475,-0.0564687508555655
532999.40808441,9.99999498304752e-05,-80.0000043576706,-0.0573928302608888
541668.691103315,9.99999481753708e-05,-80.0000045014313,-0.058331850071226
550478.980785497,9.99999464659867e-05,-80.0000046499066,-0.0592860547293285
559432.570616938,9.99999447005432e-05,-80.0000048032511,-0.0602556926307029
568531.791387376,9.99999428772016e-05,-80.0000049616246,-0.0612410161883287
577779.011797051,9.99999409940633e-05,-80.0000051251921,-0.0622422818983565
587176.639073327,9.99999390491673e-05,-80.0000052941237,-0.0632597504068734
596727.119597332,9.99999370404882e-05,-80.0000054685954,-0.064293686577751
606432.939540807,9.99999349659345e-05,-80.000005648789,-0.0653443595615235
616296.625513295,9.99999328233457e-05,-80.000005834892,-0.0664120428656016
626320.74521987,9.99999306104908e-05,-80.0000060270983,-0.0674970144252625
636507.908129558,9.99999283250653e-05,-80.000006225608,-0.0685995566761917
646860.766154633,9.99999259646894e-05,-80.0000064306277,-0.0697199566278144
657382.014340959,9.99999235269052e-05,-80.0000066423711,-0.0708585059381652
668074.391569562,9.99999210091741e-05,-80.0000068610587,-0.0720155009897131
678940.681269612,9.99999184088742e-05,-80.000007086918,-0.0731912429665212
689983.712143003,9.99999157232978e-05,-80.0000073201844,-0.0743860379326539
701206.358900718,9.99999129496484e-05,-80.0000075611008,-0.0756001969118057
712611.543011175,9.99999100850375e-05,-80.0000078099179,-0.0768340359683412
724202.233460732,9.99999071264822e-05,-80.000008066895,-0.0780878762894806
735981.447526578,9.99999040709017e-05,-80.0000083322996,-0.0793620442688979
747952.251562183,9.9999900915114e-05,-80.0000086064081,-0.0806568715917687
760117.761795533,9.99998976558329e-05,-80.0000088895059,-0.0819726953210009
772481.145140341,9.99998942896645e-05,-80.0000091818879,-0.0833098579849809
785045.620020451,9.99998908131034e-05,-80.0000094838585,-0.0846687076668062
797814.457207663,9.99998872225293e-05,-80.0000097957322,-0.0860495980948171
810790.98067317,9.99998835142033e-05,-80.0000101178337,-0.0874528887346297
823978.568452852,9.99998796842638e-05,-80.0000104504984,-0.0888789448828087
837380.65352665,9.99998757287224e-05,-80.0000107940727,-0.0903281377618394
851000.724712225,9.99998716434603e-05,-80.0000111489145,-0.0918008446168038
864842.327573173,9.99998674242233e-05,-80.0000115153933,-0.0932974488135448
878909.065341997,9.99998630666177e-05,-80.0000118938906,-0.0948183399384728
893204.599858097,9.99998585661059e-05,-80.0000122848006,-0.0963639138999098
907732.652521023,9.99998539180013e-05,-80.0000126885305,-0.0979345730311913
922497.005259218,9.99998491174637e-05,-80.0000131055005,-0.0995307261953697
937501.50151453,9.99998441594942e-05,-80.0000135361449,-0.101152788891559
952750.047242731,9.99998390389298e-05,-80.0000139809122,-0.102801183363164
968246.611930312,9.99998337504385e-05,-80.0000144402654,-0.104476338707746
983995.229627823,9.99998282885131e-05,-80.000014914683,-0.106178690988692
1000000,9.99998226474659e-05,-80.000015404659,-0.10790868334864
